program_number,title,dimension,predicted_value,confidence
o00000,,outer_diameter,7.293426587301589,ML_PREDICTION
o00005,STEEL LUG NUT,outer_diameter,9.553583333333332,ML_PREDICTION
o00006,SPIKE NUT 2.125 DIA 4 LONG,outer_diameter,6.714041666666666,ML_PREDICTION
o00007,SPIKE NUT 2.125 DIA 4.5 LONG,outer_diameter,5.754208333333334,ML_PREDICTION
o10001,5.75 JAWS,outer_diameter,6.466119047619047,ML_PREDICTION
o13125,13.0 220CB .25 SPACER,outer_diameter,13.0,ML_PREDICTION
o30000,3.00 DIA 59.8MM/59.9MM ID 2.5 HC 1.5,outer_diameter,6.4355416666666665,ML_PREDICTION
o30001,3.00 DIA 59.8MM/59.9MM ID 5. HC 1.5,outer_diameter,6.4355416666666665,ML_PREDICTION
o96002,CUSTOM 20MM  HC SPACER 74MM HUB - 72MM WHL,outer_diameter,6.447375000000001,ML_PREDICTION
o99001,CUT LATHE SOFT JAWS,outer_diameter,9.440666666666665,ML_PREDICTION
o10000,,thickness,0.9881135170603664,ML_PREDICTION
o10004,,thickness,0.9881135170603664,ML_PREDICTION
o10501,,thickness,0.9881135170603664,ML_PREDICTION
o10503,,thickness,0.9881135170603664,ML_PREDICTION
o10513,10.5IN DIA 142 2PC LUG,thickness,1.1993988095238095,ML_PREDICTION
o10522,10.5IN DIA 142 2PC LUG,thickness,1.2527738095238097,ML_PREDICTION
o10530,10.5IN DIA 141.3 2PC 1.25 LUG,thickness,1.166,ML_PREDICTION
o13002,,thickness,0.9881135170603664,ML_PREDICTION
o13004,,thickness,0.9881135170603664,ML_PREDICTION
o13013,,thickness,0.9881135170603664,ML_PREDICTION
o13016,,thickness,0.9881135170603664,ML_PREDICTION
o57015,,thickness,0.9496227034120726,ML_PREDICTION
o57019,,thickness,0.9496227034120726,ML_PREDICTION
o57027,,thickness,0.9496227034120726,ML_PREDICTION
o57028,,thickness,0.9496227034120726,ML_PREDICTION
o57029,,thickness,1.0035082020997366,ML_PREDICTION
o57030,,thickness,0.9496227034120726,ML_PREDICTION
o57032,,thickness,1.0035082020997366,ML_PREDICTION
o57035,,thickness,0.9522506561679781,ML_PREDICTION
o57036,,thickness,0.9542191601049858,ML_PREDICTION
o57037,,thickness,0.9522506561679781,ML_PREDICTION
o57047,,thickness,0.9522506561679781,ML_PREDICTION
o57048,,thickness,0.9522506561679781,ML_PREDICTION
o57070,,thickness,0.9522506561679781,ML_PREDICTION
o57071,,thickness,0.9522506561679779,ML_PREDICTION
o57072,,thickness,0.9522506561679781,ML_PREDICTION
o57091,,thickness,0.9522506561679781,ML_PREDICTION
o57092,,thickness,1.0035082020997366,ML_PREDICTION
o57093,,thickness,0.9496227034120726,ML_PREDICTION
o57094,,thickness,0.9496227034120726,ML_PREDICTION
o57097,,thickness,0.952772309711285,ML_PREDICTION
o57115,,thickness,0.9522506561679781,ML_PREDICTION
o57120,,thickness,0.952772309711285,ML_PREDICTION
o57143,,thickness,1.0035082020997366,ML_PREDICTION
o57144,,thickness,0.9522506561679781,ML_PREDICTION
o57147,,thickness,0.952772309711285,ML_PREDICTION
o57152,,thickness,0.9542191601049858,ML_PREDICTION
o57163,,thickness,0.9553018372703401,ML_PREDICTION
o57164,,thickness,0.9522506561679781,ML_PREDICTION
o57166,,thickness,0.9522506561679781,ML_PREDICTION
o57167,,thickness,0.9522506561679781,ML_PREDICTION
o57169,,thickness,1.2181397637795262,ML_PREDICTION
o57170,,thickness,0.9522506561679781,ML_PREDICTION
o57175,,thickness,0.9496227034120726,ML_PREDICTION
o57178,,thickness,1.2181397637795262,ML_PREDICTION
o57179,,thickness,0.9522506561679781,ML_PREDICTION
o57184,,thickness,0.9522506561679781,ML_PREDICTION
o57185,,thickness,0.9522506561679781,ML_PREDICTION
o57194,,thickness,0.9496227034120726,ML_PREDICTION
o57212,,thickness,0.9522506561679781,ML_PREDICTION
o57218,,thickness,0.9542191601049858,ML_PREDICTION
o57222,,thickness,1.0035082020997363,ML_PREDICTION
o57223,,thickness,0.9542191601049858,ML_PREDICTION
o57224,,thickness,0.9522506561679781,ML_PREDICTION
o57238,,thickness,0.9522506561679781,ML_PREDICTION
o57245,,thickness,0.9496227034120726,ML_PREDICTION
o57258,,thickness,0.9496227034120726,ML_PREDICTION
o57272,,thickness,0.9496227034120726,ML_PREDICTION
o57276,,thickness,0.9522506561679781,ML_PREDICTION
o57324,,thickness,0.9496227034120726,ML_PREDICTION
o57327,,thickness,0.9553018372703401,ML_PREDICTION
o57329,,thickness,0.9522506561679781,ML_PREDICTION
o57343,,thickness,0.9522506561679781,ML_PREDICTION
o57350,,thickness,0.9522506561679781,ML_PREDICTION
o57397,,thickness,0.9522506561679781,ML_PREDICTION
o57646,,thickness,0.9522506561679781,ML_PREDICTION
o57722,,thickness,0.9522506561679781,ML_PREDICTION
o57734,,thickness,0.9522506561679781,ML_PREDICTION
o57758,,thickness,0.9522506561679781,ML_PREDICTION
o57785,,thickness,0.952772309711285,ML_PREDICTION
o57801,,thickness,0.9539140419947496,ML_PREDICTION
o57805,,thickness,1.0035082020997366,ML_PREDICTION
o57825,5.75 IN DIA 74 MM ID 5.00,thickness,0.5,ML_PREDICTION
o58043,5.75 IN DIA 57.1MM ID 1. XX,thickness,1.0,ML_PREDICTION
o58281,5.75IN DIA 70MM ID 4.25,thickness,4.0,ML_PREDICTION
o58283,5.75 IN  57.1/72.56 1.0 HC,thickness,0.9953424657534247,ML_PREDICTION
o58498,5.75IN DIA 57.1/82  20MM --HC,thickness,0.7280947694038247,ML_PREDICTION
o58514,5.75IN DIA 57.1/74.1  20MM-HC,thickness,0.7048854518185227,ML_PREDICTION
o58515,5.75IN DIA 63.4/72.56  20MM-HC,thickness,0.6941282339707535,ML_PREDICTION
o58519,5.75IN DIA 56.5MM/2.75IN  1.25MM --HC,thickness,1.25,ML_PREDICTION
o58526,5.75IN DIA 63.4-72.56  1.0IN HC,thickness,0.9953424657534247,ML_PREDICTION
o58532,5.75IN DIA 56.1/56.1  1.0IN --HC,thickness,0.9969151222132688,ML_PREDICTION
o58534,5.75IN DIA 70.5/70.3  1.25IN THK --HCH,thickness,1.263744369369369,ML_PREDICTION
o58535,5.75IN DIA 57.1/71.5    1.0 --HC,thickness,0.9973032500671501,ML_PREDICTION
o58540,5.75IN DIA 57.1/78.0 10MM -HC,thickness,0.6051452318460193,ML_PREDICTION
o58575,5.75 IN DIA 71.5MM -74  1.0  HC,thickness,1.0,ML_PREDICTION
o58576,5.75 IN 63.4/63 MM  1.00HC CHECK PCODES,thickness,1.0148690944881888,ML_PREDICTION
o58577,5.75IN DIA 63.4MM/73  1.5 HC,thickness,1.5,ML_PREDICTION
o58584,5.75 IN DIA 61.5MM/61.5 MM  1.5HC,thickness,1.5,ML_PREDICTION
o58599,5.75IN DIA 57.1/57.1 15MM --HC,thickness,0.6745203724534431,ML_PREDICTION
o58617,5.75IN DIA 64.1MM/73.1  1.25 HC,thickness,1.25,ML_PREDICTION
o58621,5.75 IN  57.1/73.1  1.0  HC,thickness,0.9953424657534247,ML_PREDICTION
o58633,5.75IN DIA 57.1/76.2   1.0IN HC,thickness,0.9953424657534247,ML_PREDICTION
o58635,5.75IN  74MM LUG 1.25--2PC,thickness,1.25,ML_PREDICTION
o58636,5.75IN DIA 57.1/57.1  1.5 HC,thickness,1.4994594594594595,ML_PREDICTION
o58649,5.75IN  66.56-70.25MM  1.0HC,thickness,1.0,ML_PREDICTION
o58659,5.75 IN 67.1-62MM ID 2.0HC,thickness,2.0,ML_PREDICTION
o58668,5.75IN DIA 70.3/63.4  1.00IN THK --HCH,thickness,0.9996320171904378,ML_PREDICTION
o58669,5.75IN DIA 70.3/63.4  1.00IN THK --HCH,thickness,0.9996320171904378,ML_PREDICTION
o58670,5.75IN DIA 58.1/58  15MM --HC,thickness,0.6712920259967501,ML_PREDICTION
o58673,5.75IN DIA 70.4/63.3  2.00IN THK --HCH,thickness,2.0,ML_PREDICTION
o58676,5.75IN DIA 60.1-72.5  20MM-HC,thickness,0.6037913385826773,ML_PREDICTION
o58679,5.75 IN DIA 56.6MM/70.2 MM  1.5HC,thickness,1.5,ML_PREDICTION
o58685,5.75IN DIA 57.1/57.1  1.75 HC,thickness,1.7481756756756754,ML_PREDICTION
o58686,5.75IN DIA 57.1/57.1  .75 HC,thickness,0.9221725721784777,ML_PREDICTION
o58687,5.75IN DIA 58.1/58  .75 HC,thickness,0.9001450131233597,ML_PREDICTION
o58688,5.75 IN DIA 60.1MM/72 MM  1.75HC,thickness,1.75,ML_PREDICTION
o58690,5.75IN DIA 58.75/62.16    1.0 --HC,thickness,1.0110532500671503,ML_PREDICTION
o58695,5.75IN DIA 54.1/54.1  3.4 HC,thickness,2.891400000000001,ML_PREDICTION
o58696,5.75IN DIA 54.1/54.1  6.4 HC,thickness,1.1609505530558673,ML_PREDICTION
o58698,5.75IN DIA 58.1/58.5   .75 HC,thickness,0.9265780839895014,ML_PREDICTION
o58699,5.75  54.1/54.1MM 6.4 HC,thickness,1.1628206317960244,ML_PREDICTION
o58705,5.75IN DIA 66.6/57.1    1.0 --HC,thickness,0.9973032500671501,ML_PREDICTION
o58707,5.75IN DIA 58.1/64 2.0 IN HC,thickness,2.0,ML_PREDICTION
o58722,5.75IN DIA 56.1/56  1.0IN --HC,thickness,0.9949543378995434,ML_PREDICTION
o58728,5.75IN DIA 58.1/58.1 1.00--HC,thickness,0.9953424657534247,ML_PREDICTION
o58729,5.75IN DIA 56.1/56.1 15MM --HC,thickness,0.675425884264467,ML_PREDICTION
o58735,5.75IN DIA 57.1/57.1 12MM --HC,thickness,0.6509451943507061,ML_PREDICTION
o58740,5.75IN DIA 58.1/58.4 2.00--HC,thickness,2.0,ML_PREDICTION
o58751,5.75IN DIA 56.1/56  .75--HC,thickness,0.9024711286089239,ML_PREDICTION
o58754,5.75IN DIA 56.1/56.1 .75--HC,thickness,0.9024711286089239,ML_PREDICTION
o58771,5.75IN DIA 58.1/58 1.00 HC,thickness,0.9953424657534247,ML_PREDICTION
o58828,5.75IN DIA 58.1/66   1.0 IN HC,thickness,0.9953424657534247,ML_PREDICTION
o58829,5.75 IN DIA 60.1MM/71.5 MM  .75HC,thickness,0.9555698818897639,ML_PREDICTION
o58832,5.75IN DIA 57.1/66.9  4.0 --HC,thickness,4.0,ML_PREDICTION
o58833,5.75IN DIA 58.1/64   1.0 IN HC,thickness,0.9953424657534247,ML_PREDICTION
o58860,5.75 IN 3/2.75IN 1.25 HC,thickness,1.264386261261261,ML_PREDICTION
o58874,5.75IN DIA 57.1/64.1  20MM-HC,thickness,0.7308473940757403,ML_PREDICTION
o58886,5.75IN DIA 58.1/58.1 1.25--HC,thickness,1.2584797297297294,ML_PREDICTION
o58890,5.75IN DIA 57.1/72.6 10MM -HC,thickness,0.6058355205599301,ML_PREDICTION
o58897,5.75IN DIA 58.1/58.1 1.5--HC,thickness,1.4994594594594595,ML_PREDICTION
o58898,5.75IN DIA 57.1/63.4   1.0 IN HC,thickness,0.9973032500671501,ML_PREDICTION
o58907,5.75IN DIA 57.1/72.56 10MM -HC,thickness,0.5852974628171479,ML_PREDICTION
o58912,5.75IN DIA 54.1/73.1 10MM -HC,thickness,0.7552101456067991,ML_PREDICTION
o58914,5.75IN DIA 57.1/64.1  20MM-HC,thickness,0.7308473940757403,ML_PREDICTION
o58915,5.75IN DIA 54.1/54.1 15MM --HC,thickness,1.2107458286464183,ML_PREDICTION
o58916,5.75IN DIA 70.5/73.1  1.25IN THK --HCH,thickness,1.263744369369369,ML_PREDICTION
o58934,5.75IN DIA 57.1/54.1 .75--HC,thickness,0.8380940194975629,ML_PREDICTION
o58945,5.75IN DIA 58.1/60 1.5 HC,thickness,1.4994594594594595,ML_PREDICTION
o58946,5.75IN DIA 67.1/60 1.5 HC,thickness,1.4994594594594595,ML_PREDICTION
o58947,5.75IN DIA 63.4MM/73.1 1.5 HC,thickness,1.5,ML_PREDICTION
o58953,5.75IN DIA 60.1MM/73.1  1.25 HC,thickness,1.25,ML_PREDICTION
o58962,5.75IN DIA 63.4MM/73.1  1.25 HC,thickness,1.25,ML_PREDICTION
o58964,5.75 IN DIA 56.1MM/73.1 MM  1.75HC,thickness,1.75,ML_PREDICTION
o58966,5.75IN DIA 66.6MM/72.56  1.25 HC,thickness,1.25,ML_PREDICTION
o58968,5.75IN DIA 67.1MM/73.1  1.25 HC,thickness,1.25,ML_PREDICTION
o58985,5.75 IN  57.1/71.5 1.25 HC,thickness,1.2630968468468466,ML_PREDICTION
o58990,5.75IN DIA 57.1/57.1 10MM --HC,thickness,0.6509451943507061,ML_PREDICTION
o58993,5.75IN DIA 63.4/70.5  1.0IN HC,thickness,0.9953424657534247,ML_PREDICTION
o58995,5.75IN DIA 67.1MM/71.5  1.75 HC,thickness,1.75,ML_PREDICTION
o58998,5.75IN DIA 67.1MM/73.1  1.0 HC,thickness,1.0,ML_PREDICTION
o58999,5.75 IN  57.1/71.5   1.0  HC,thickness,0.9953424657534247,ML_PREDICTION
o59032,5.75IN DIA 56.1/56.1  1.75 HC,thickness,1.7481756756756754,ML_PREDICTION
o59036,5.75IN DIA 70.3/70.3 1.25IN HC,thickness,1.2630968468468466,ML_PREDICTION
o59040,5.75IN DIA 64.1/55.96 1.0 HC,thickness,0.9953424657534247,ML_PREDICTION
o59053,5.75IN DIA 58.1/58.1  1.75 HC,thickness,1.7481756756756754,ML_PREDICTION
o59065,5.75IN DIA 56.7/56.1  1.75 HC,thickness,1.7481756756756754,ML_PREDICTION
o59070,5.75IN DIA 57.1/73.1 10MM -HC,thickness,0.6003955130608674,ML_PREDICTION
o59071,5.75IN DIA 64.1/73.1 10MM -HC,thickness,0.5514899231346084,ML_PREDICTION
o59078,5.75IN DIA 56.1MM/67.1 1.75 HC,thickness,1.75,ML_PREDICTION
o59079,5.75IN DIA 56.1MM/67.1 2.0 HC,thickness,2.0,ML_PREDICTION
o59081,5.75IN DIA 64.1/72.56 10MM -HC,thickness,0.5437507967754034,ML_PREDICTION
o59088,5.75IN DIA 64.1/72.4 10MM -HC,thickness,0.5582783558305215,ML_PREDICTION
o59119,5.75IN DIA 56.1/73.1 10MM -HC,thickness,0.6119309461317335,ML_PREDICTION
o59122,5.75IN DIA 70.5MM/67.1 1.75 HC,thickness,1.75,ML_PREDICTION
o59127,5.75 IN 67.1/67.1MM ID 2.0HC,thickness,2.0,ML_PREDICTION
o60033,,thickness,0.9522506561679781,ML_PREDICTION
o60034,,thickness,0.9496227034120726,ML_PREDICTION
o60161,,thickness,0.9522506561679781,ML_PREDICTION
o60188,,thickness,0.9522506561679781,ML_PREDICTION
o60200,,thickness,0.9522506561679781,ML_PREDICTION
o60202,,thickness,0.9542191601049858,ML_PREDICTION
o60220,,thickness,0.9496227034120726,ML_PREDICTION
o60233,,thickness,0.9522506561679781,ML_PREDICTION
o60237,,thickness,0.952772309711285,ML_PREDICTION
o60242,,thickness,0.9539140419947496,ML_PREDICTION
o60247,,thickness,0.9709875328083979,ML_PREDICTION
o60252,,thickness,0.9542191601049858,ML_PREDICTION
o60254,,thickness,0.9522506561679781,ML_PREDICTION
o60263,,thickness,0.9522506561679781,ML_PREDICTION
o60271,,thickness,0.9542191601049858,ML_PREDICTION
o60272,,thickness,0.9522506561679781,ML_PREDICTION
o60273,,thickness,0.9522506561679781,ML_PREDICTION
o60294,,thickness,0.9522506561679781,ML_PREDICTION
o60302,,thickness,0.9522506561679781,ML_PREDICTION
o60306,,thickness,0.9522506561679781,ML_PREDICTION
o60326,,thickness,0.9496227034120726,ML_PREDICTION
o60331,,thickness,0.9522506561679781,ML_PREDICTION
o60332,,thickness,0.952772309711285,ML_PREDICTION
o60408,6.00 IN DIA 60MM ID 4.5,thickness,1.63,ML_PREDICTION
o60470,6.00 IN DIA 70.3MM ID 5.0,thickness,0.5,ML_PREDICTION
o60690,6.00 DIA 66.1MM/73.1M  .75 HC,thickness,0.9341833989501311,ML_PREDICTION
o60703,6.00 DIA 66.9MM/74.1   1.25 HC,thickness,1.25,ML_PREDICTION
o60709,6.00 IN 72.56/78.10  1.25 HC,thickness,1.2630968468468466,ML_PREDICTION
o60714,6.00 DIA 65.1/72.6  1.5 HC,thickness,1.4986486486486483,ML_PREDICTION
o60716,6.00 DIA 70.3/82.56  1.75HC,thickness,1.7481756756756754,ML_PREDICTION
o60717,6.00 DIA 70.3/72.56  2.5 HC,thickness,2.5,ML_PREDICTION
o60718,6.00 DIA 70.3/72.56  2.5 HC,thickness,2.5,ML_PREDICTION
o60722,6.00 IN DIA 70.3/56.1  1.25 HC,thickness,1.2584797297297294,ML_PREDICTION
o60729,6.00 IN DIA 71MM  STUD-2PC,thickness,1.9300337301587303,ML_PREDICTION
o60733,6.00 IN 77.68-72.56  2.0HC,thickness,2.0,ML_PREDICTION
o60734,6.00 IN 72.6-72.56MM 1.25HC,thickness,1.25,ML_PREDICTION
o60740,6.0 IN 73.1-73.1MM 1.0HC,thickness,1.0,ML_PREDICTION
o60742,6.00 DIA 67.1MM/74.1  .75 HC,thickness,0.8321492782152232,ML_PREDICTION
o60745,6.00 DIA 65.56MM/72.56M  1.0 HC,thickness,1.0,ML_PREDICTION
o60748,6.00 IN 72.6-72.5  1.5 HC,thickness,1.4982770270270267,ML_PREDICTION
o60749,6.00 DIA 66.8MM/70.3M  1.0 HC,thickness,1.0,ML_PREDICTION
o60754,6.00 DIA 65.1/72.56   1.00 HC,thickness,1.0,ML_PREDICTION
o60756,6.00 DIA 70.3/83.1  2.50HC,thickness,2.5,ML_PREDICTION
o60757,6.00 DIA 70.3/81.2  2.5 HC,thickness,2.5,ML_PREDICTION
o60758,6.00 DIA 65.1/80.5   1.00 HC,thickness,1.0,ML_PREDICTION
o60771,6IN DIA 57.1/66.9 4.0 --HC,thickness,4.0,ML_PREDICTION
o60776,6.00 DIA 66.6MM/72.56M  1.5 HC,thickness,1.5,ML_PREDICTION
o60779,6.00 DIA 66.6/66.56  1.5 HC,thickness,1.4994594594594595,ML_PREDICTION
o60783,6.00 DIA 66.6MM/72.56   1.25 HC,thickness,1.25,ML_PREDICTION
o60801,6.00 IN 72.6/72.56MM*** 1.25HC,thickness,1.25,ML_PREDICTION
o60808,6.00 DIA 72.6MM/66.56  .75 HC,thickness,0.75,ML_PREDICTION
o60814,6.00 DIA 66.6MM/74M  2.0 HC,thickness,2.0,ML_PREDICTION
o60834,6.00 DIA 64.1/72.56  1.25 HC,thickness,1.2630968468468466,ML_PREDICTION
o60856,6.00 DIA 65.1/72.6   1.00 HC,thickness,1.0,ML_PREDICTION
o60876,6.00 DIA 65.1/74.1   1.00 HC,thickness,1.0,ML_PREDICTION
o60918,6.00 DIA 90/74-90MM  3.0HC,thickness,1.7182038690476191,ML_PREDICTION
o60925,6.00 DIA 66.9MM/66.9M  1.0 HC,thickness,1.0,ML_PREDICTION
o60931,6.00 DIA 65.1MM/70.3 .75 HC,thickness,0.7603461286089239,ML_PREDICTION
o60936,6.00 DIA 66.9MM/70.3 1.5 HC,thickness,1.5,ML_PREDICTION
o60973,6.00 DIA 66.9MM/70.3M  1.25 HC,thickness,1.25,ML_PREDICTION
o61275,6.00 DIA 66.6MM/72.56M  1.0 HC,thickness,1.0,ML_PREDICTION
o61306,6.00 DIA 65.1MM/72.56M  .75 HC,thickness,0.7904238845144357,ML_PREDICTION
o61365,6.00 DIA 66.9MM/70.3M  1.0 HC,thickness,1.0,ML_PREDICTION
o61368,6.00 DIA 66.1MM/73.1M  1.0 HC,thickness,1.0,ML_PREDICTION
o61374,7.00 DIA 66.1MM STUD .6IN 2PC,thickness,2.358229166666666,ML_PREDICTION
o61511,6.00 IN 2.875/2.875IN 1.25HC,thickness,1.2665146396396394,ML_PREDICTION
o61533,6.00 IN 2.776/2.864 1.75 HC,thickness,1.7481756756756754,ML_PREDICTION
o61536,6.00 DIA 66.9MM/70.5M  1.0 HC,thickness,1.0,ML_PREDICTION
o62000,,thickness,0.9522506561679781,ML_PREDICTION
o62008,,thickness,0.9709875328083979,ML_PREDICTION
o62013,,thickness,0.9522506561679781,ML_PREDICTION
o62014,,thickness,0.9522506561679781,ML_PREDICTION
o62015,,thickness,0.9522506561679781,ML_PREDICTION
o62016,,thickness,0.9522506561679781,ML_PREDICTION
o62018,,thickness,0.9522506561679781,ML_PREDICTION
o62019,,thickness,0.9522506561679781,ML_PREDICTION
o62021,,thickness,0.952772309711285,ML_PREDICTION
o62022,,thickness,0.9496227034120726,ML_PREDICTION
o62023,,thickness,0.9542191601049858,ML_PREDICTION
o62027,,thickness,0.9522506561679779,ML_PREDICTION
o62028,,thickness,0.9522506561679781,ML_PREDICTION
o62029,,thickness,0.970987532808398,ML_PREDICTION
o62030,,thickness,0.952772309711285,ML_PREDICTION
o62031,,thickness,0.9542191601049859,ML_PREDICTION
o62032,,thickness,0.9496227034120726,ML_PREDICTION
o62036,,thickness,0.952772309711285,ML_PREDICTION
o62037,,thickness,0.9522506561679781,ML_PREDICTION
o62038,,thickness,0.9542191601049858,ML_PREDICTION
o62039,,thickness,0.9522506561679781,ML_PREDICTION
o62046,,thickness,0.9522506561679781,ML_PREDICTION
o62047,,thickness,0.9539140419947496,ML_PREDICTION
o62050,,thickness,0.9539140419947496,ML_PREDICTION
o62053,,thickness,0.9522506561679781,ML_PREDICTION
o62056,,thickness,0.9496227034120726,ML_PREDICTION
o62057,,thickness,0.9522506561679781,ML_PREDICTION
o62058,,thickness,0.9522506561679781,ML_PREDICTION
o62059,,thickness,1.2181397637795262,ML_PREDICTION
o62062,,thickness,0.9542191601049858,ML_PREDICTION
o62063,,thickness,0.9522506561679781,ML_PREDICTION
o62068,,thickness,0.9522506561679781,ML_PREDICTION
o62079,6.25 IN DIA 78.1/94.23  2.50 HC XX,thickness,2.5405249343832024,ML_PREDICTION
o62095,6.25IN 56.1cb  LUG 2PC,thickness,1.8125476190476184,ML_PREDICTION
o62096,6.25 IN DIA 78.3MM ID 4.5 THK XX,thickness,1.67,ML_PREDICTION
o62236,6.25 IN DIA 57.1MM ID 5.00 THK XX,thickness,0.5,ML_PREDICTION
o62262,6.25 IN 60.1-71.5  1.25  HCX,thickness,1.2584797297297294,ML_PREDICTION
o62264,6.25 IN DIA 70.5-87  1.50MM HC,thickness,1.5,ML_PREDICTION
o62265,6.25IN HC 80.5MM OUTER 2PC,thickness,2.3389136904761894,ML_PREDICTION
o62275,6.25 IN 71.5-71.5  4.0 HC,thickness,4.0,ML_PREDICTION
o62279,6.25 IN DIA 71.5-75 ID 1.25HC,thickness,1.2630968468468466,ML_PREDICTION
o62288,6.25 IN DIA 78.1 -72.56  2.00 HC XX,thickness,2.0,ML_PREDICTION
o62294,6.25 IN DIA 85-68 STEP 1.25 XX,thickness,1.2355647191308956,ML_PREDICTION
o62311,6.25 IN DIA 85MM 2.00 XX,thickness,2.0,ML_PREDICTION
o62312,6.25 IN DIA 85MM 2.00 XX,thickness,2.0,ML_PREDICTION
o62329,6.25 IN DIA 78.1 -70.3 3.00 HC XX,thickness,3.0,ML_PREDICTION
o62354,6.25 IN DIA 85MM 3.00 XX,thickness,3.0,ML_PREDICTION
o62518,6.25 IN DIA 87.1MM 3.00 XX,thickness,3.0,ML_PREDICTION
o62527,6.25IN$ DIA 82.5MM 3.50 XX,thickness,3.5,ML_PREDICTION
o62528,6.25 IN 71MM 4.25 2PC,thickness,2.4518452380952382,ML_PREDICTION
o62536,6.25 IN DIA 78.1 -72.56  2.50 HC XX,thickness,2.5405249343832024,ML_PREDICTION
o62537,6.25 IN DIA 78.1-80  1.50 HC XX,thickness,1.498405405405405,ML_PREDICTION
o62539,6.25 IN DIA 78.1/70.3 2.00 HC XX,thickness,2.0,ML_PREDICTION
o62541,6.25 IN DIA 78.1 -72.56  1.00 HC XX,thickness,0.996132948604,ML_PREDICTION
o62542,6.25 DIA 73.1/80.5 MM .75 IS 2PC,thickness,0.75,ML_PREDICTION
o62545,6.25 IN DIA 66.6MM ID 4.25 THK XX,thickness,4.0,ML_PREDICTION
o62550,6.25 IN DIA 71.5/71.5 1.25 HC,thickness,1.2630968468468466,ML_PREDICTION
o62555,6.25 IN DIA 3.05/3.45IN 3.00 HC,thickness,3.0,ML_PREDICTION
o62556,6.25 IN DIA 78.1-80  .75 HC XX,thickness,0.7718064187289089,ML_PREDICTION
o62557,6.25 IN DIA 71.6 -72.6  1.00 HC XX,thickness,1.0072648383677796,ML_PREDICTION
o62560,6.25 IN DIA 72.6/71.5  1.50 HC XX,thickness,1.4987837837837836,ML_PREDICTION
o62561,6.25 IN DIA 71.5/57.1  1.00 HC XX,thickness,1.0072648383677796,ML_PREDICTION
o62562,6.25 IN 2.5/3.375IN  1.25  HCX,thickness,1.2641779279279277,ML_PREDICTION
o62566,6.25 IN DIA 70.4/71.5 3.75HC,thickness,3.7129999999999996,ML_PREDICTION
o62567,6.25 IN 66.6/71.5 1.00 HCX,thickness,1.005304054054054,ML_PREDICTION
o62568,6.25 IN DIA 78.1/66.56 2.00 HC XX,thickness,2.0,ML_PREDICTION
o62570,6.25 IN 66.6/84.1 .75 HCX,thickness,1.098545439632546,ML_PREDICTION
o62571,6.25 IN DIA 78.1/66.56 1.25 HC XX,thickness,1.2596734234234233,ML_PREDICTION
o62573,6.25 IN 63.4-71.5  1.00  HCX,thickness,1.005304054054054,ML_PREDICTION
o62576,6.25 IN 57.1/72.5 .75 HCX,thickness,0.8321082222258983,ML_PREDICTION
o62582,6.25 IN 62.1/70.3  .75  HCX,thickness,0.7543895880202475,ML_PREDICTION
o62583,6.25 IN DIA 70.3 -71.5  1.00 HC XX,thickness,1.0072648383677796,ML_PREDICTION
o62585,6.25 IN DIA 78.1/78.1  1.25 HC XX,thickness,1.3177195945945943,ML_PREDICTION
o62586,6.25 IN DIA 72.56/84.1  1.50 HC XX,thickness,1.4986486486486483,ML_PREDICTION
o62596,6.25 IN 66.1/71.5 1.00 HCX,thickness,1.005304054054054,ML_PREDICTION
o62597,6.25 IN 65.1/71.5 1.00 HCX,thickness,1.005304054054054,ML_PREDICTION
o62600,6.25 IN DIA 78.1/71.5 1.75  HC XX,thickness,1.7481756756756754,ML_PREDICTION
o62601,6.25 IN DIA 71.5/78.1  1.50 HC XX,thickness,1.4986486486486483,ML_PREDICTION
o62602,6.25 IN DIA 71.5/71.5 1.00 HC XX,thickness,1.0072648383677796,ML_PREDICTION
o62603,6.25 IN DIA 71.5/71.5  1.00 HC XX,thickness,1.0072648383677796,ML_PREDICTION
o62604,6.25 IN DIA 71.5/84.1  1.75 HC XX,thickness,1.7481756756756754,ML_PREDICTION
o62605,6.25 IN 64.1-71.5  2.00  HCX,thickness,2.0,ML_PREDICTION
o62606,6.25 IN 67.1/71.5 1.00 HCX,thickness,1.005304054054054,ML_PREDICTION
o62611,6.25 IN DIA 78.1/71.8 1.50  HC XX,thickness,1.4987837837837836,ML_PREDICTION
o62614,6.25 IN 65.1-71.5  1.50  HCX,thickness,1.4988175675675675,ML_PREDICTION
o62615,6.25 IN DIA 71.5/72.56 1.00 HC XX,thickness,1.0072648383677796,ML_PREDICTION
o62616,6.25 IN DIA 78.3/85.56 1.00 HC XX,thickness,1.002107843137255,ML_PREDICTION
o62619,6.25 IN DIA 84.1/84.1  .75 HC XX,thickness,0.7743211246112618,ML_PREDICTION
o62621,6.25 IN DIA 84.1/84.1 1.00 HC XX,thickness,1.002107843137255,ML_PREDICTION
o62623,6.25 IN DIA 78.1/66.56 2.00 HC XX,thickness,2.0,ML_PREDICTION
o62628,6.25 IN DIA 71.5 -71.5  2.00 HC XX,thickness,2.0,ML_PREDICTION
o62629,6.25 IN 66.6-71.5  .75  HCX,thickness,0.9149168307086616,ML_PREDICTION
o62637,6.25 IN DIA 78.1/66.9 1.75  HC XX,thickness,1.7481756756756754,ML_PREDICTION
o62638,6.25 IN DIA 78.1/70.3 1.75  HC XX,thickness,1.7481756756756754,ML_PREDICTION
o62643,6.25IN$ DIA 82.5MM 3.00 XX,thickness,3.0,ML_PREDICTION
o62646,6.25 IN DIA 71.5/71.5  .75 HC XX,thickness,0.7301026785714285,ML_PREDICTION
o62653,6.25 IN 60.1/71.5 1.00 HCX,thickness,1.005304054054054,ML_PREDICTION
o62654,6.25IN$ 57.1/71.5 1.00 HCX,thickness,1.005304054054054,ML_PREDICTION
o62668(1),6.25 IN DIA 73.9/71.5MM .1.25 HC XX,thickness,1.25,ML_PREDICTION
o62670,6.25 IN DIA 78.1 -71.5  2.50 HC XX,thickness,2.51742782152231,ML_PREDICTION
o62694,6.25 IN 66.9/70.3 1.00 HCX,thickness,1.005304054054054,ML_PREDICTION
o62715(1),6.25 IN DIA 71.5/71.5  1.25 HC XX,thickness,1.263744369369369,ML_PREDICTION
o62727,6.25 IN 63.4/71.5 1.00 HCX,thickness,1.005304054054054,ML_PREDICTION
o62733,6.25 IN DIA 78.3/70.3  .75 HC XX,thickness,0.7741804344769403,ML_PREDICTION
o62736(1),6.25 IN 66.6/71  2.0  HCX,thickness,2.0,ML_PREDICTION
o62741,6.25 IN 65.1/71.5 .75 HCX,thickness,0.8336706739782527,ML_PREDICTION
o62742,6.25 IN DIA 71.5/66.56 1.75 HC XX,thickness,1.7481756756756754,ML_PREDICTION
o62744,6.25 IN DIA 74.1/66.56 1.0 HC XX,thickness,1.0072648383677796,ML_PREDICTION
o62755,6.25 IN DIA 71.5/81.5  1.00 HC XX,thickness,1.0072648383677796,ML_PREDICTION
o62757,6.25 IN 63.4/3.15IN .75 HC 2PC STUD,thickness,1.6056329365079358,ML_PREDICTION
o62765,6.25 IN 64.1/71.5 1.00 HCX,thickness,1.005304054054054,ML_PREDICTION
o62769,6.25 IN 66.6/84.1 1.00 HCX,thickness,1.005304054054054,ML_PREDICTION
o63211,6.25 IN DIA 66.9MM ID 1.00THK  XX,thickness,1.0,ML_PREDICTION
o63275,6.25 IN DIA 78.1/71.5  2.75 HC XX,thickness,2.736001837270342,ML_PREDICTION
o63331,6.25 IN 60.1/71.5 .75 HCX,thickness,0.8653931149231348,ML_PREDICTION
o63339,6.25 IN DIA 72.56/71.1  1.00 HC XX,thickness,1.0072648383677796,ML_PREDICTION
o63341,6.25 IN DIA 72.56/71.5  1.00 HC XX,thickness,1.0072648383677796,ML_PREDICTION
o63343,6.25 IN DIA 74.1/71.5  1.00 HC XX,thickness,1.0072648383677796,ML_PREDICTION
o63344,6.25 IN DIA 74.1/71.5  1.50 HC XX,thickness,1.4987837837837836,ML_PREDICTION
o63360,6.25 IN DIA 78.1/67.1  1.00 HC XX,thickness,1.0072648383677796,ML_PREDICTION
o63362,6.25 IN DIA 2.75/2.75IN 2.50 HC XX,thickness,2.4498010498687663,ML_PREDICTION
o63363,6.25 IN 57.1/71.5 1.0 HCX,thickness,1.005304054054054,ML_PREDICTION
o63365,6.25 IN DIA 72.56/70.6  1.00 HC XX 2PC STUD?,thickness,1.0233293650793653,ML_PREDICTION
o63366,6.25 IN DIA 78.3-78.1  1.50 HC XX,thickness,1.498405405405405,ML_PREDICTION
o63367,6.25 IN DIA 70.6/78.1  1.00 HC XX,thickness,1.0072648383677796,ML_PREDICTION
o63368,6.25 IN DIA 78.1/67.6-70.3  1.00 HC XX,thickness,2.246058133358331,ML_PREDICTION
o63375,6.25 IN 57.1/71.5 1.5 HCX,thickness,1.4982770270270267,ML_PREDICTION
o63390,6.25 IN DIA 78.3/72.6 1.50  HC XX,thickness,1.4986486486486483,ML_PREDICTION
o63391,6.25 IN DIA 78.3/70.3 1.50  HC XX,thickness,1.4987837837837836,ML_PREDICTION
o63392,6.25 IN DIA 78.3/72.6 1.00  HC XX,thickness,1.0072648383677796,ML_PREDICTION
o63394,6.25 IN 67.1/71.5  1.25  HCX,thickness,1.2630968468468466,ML_PREDICTION
o63395,6.25 IN DIA 78.3/70.3 2.0  HC XX,thickness,2.0,ML_PREDICTION
o63397,6.25 IN DIA 71.5/84.1 3.00 HC XX,thickness,3.0,ML_PREDICTION
o63398,6.25 IN DIA 70.6/78.1  2.00 HC XX,thickness,2.0,ML_PREDICTION
o63399,6.25 IN DIA 78.1/83 1.00 HC XX,thickness,1.0001470588235295,ML_PREDICTION
o63400,6.25 IN DIA 66.6/84.1 1.00 HC XX,thickness,1.0072648383677796,ML_PREDICTION
o63401,6.25 IN DIA 78.1/71.5 1.50  HC XX,thickness,1.4987837837837836,ML_PREDICTION
o63402,6.25 IN DIA 78.3/78.1  2.00 HC XX,thickness,2.0,ML_PREDICTION
o63403,6.25IN$ 57.1/71.5 2.00 HCX,thickness,2.0,ML_PREDICTION
o63404,6.25 IN DIA 78.3/78.1  1.00 HC XX,thickness,1.002107843137255,ML_PREDICTION
o63405,6.25 IN DIA 72.6/71.5 1.50  HC XX,thickness,1.4987837837837836,ML_PREDICTION
o63419,6.25 DIA 70.6/80.5 MM .75 IS 2PC,thickness,0.75,ML_PREDICTION
o63422,6.25 IN DIA 72.6/71.5  .75 HC XX,thickness,0.7301026785714285,ML_PREDICTION
o63423,6.25 IN 57.1/71.5  2.00  HCX,thickness,2.0,ML_PREDICTION
o63424,6.25 IN 57.1/71.5  1.00  HCX,thickness,1.005304054054054,ML_PREDICTION
o63425,6.25 IN DIA 71.5/74  1.00 HC XX,thickness,1.005304054054054,ML_PREDICTION
o63428,6.25 IN DIA 87.1/87.1 1.75 HC XX,thickness,1.7481756756756754,ML_PREDICTION
o63433,6.25 IN 58.1/71.5 1.00 HCX,thickness,1.005304054054054,ML_PREDICTION
o63435,6.25 IN 66.1/71.5 .75 HCX,thickness,0.8731641122984628,ML_PREDICTION
o63436,6.25 IN DIA 77.8/70.3 1.75  HC XX,thickness,1.7481756756756754,ML_PREDICTION
o63437,6.25 IN DIA 78.3/90.6 1.25 HC XX,thickness,1.3177195945945943,ML_PREDICTION
o63438,6.25 IN DIA 71.5/72.56  1.00 HC XX,thickness,1.0072648383677796,ML_PREDICTION
o63439,6.25 IN DIA 72.6 /71.5  1.00 HC XX,thickness,1.0072648383677796,ML_PREDICTION
o63445,6.25 IN DIA 78.3/78.3  1.25 HC XX,thickness,1.3177195945945943,ML_PREDICTION
o63446,6.25 IN DIA 71.6/71.5  1.00 HC XX,thickness,1.0072648383677796,ML_PREDICTION
o63447,6.25 IN 57.1/71.5 1.75 HCX,thickness,1.7481756756756754,ML_PREDICTION
o63448,6.25 IN DIA 71.6/71.6  .75 HC XX,thickness,0.7301026785714285,ML_PREDICTION
o63451,6.25 IN 63.4/3.25IN .75 HC 2PC STUD,thickness,1.6056329365079358,ML_PREDICTION
o63460,6.25 IN DIA 78.1/78.1  .75 HC XX,thickness,0.7738064187289089,ML_PREDICTION
o63466,6.25 IN DIA 78.1 -71.5  2.00 HC XX,thickness,2.0,ML_PREDICTION
o63467,6.25 IN DIA 78.1-80  2.50 HC XX,thickness,2.5,ML_PREDICTION
o63468,6.25 IN DIA 78.1-78.1  1.50 HC XX,thickness,1.498405405405405,ML_PREDICTION
o63470,6.25 IN DIA 78.1/70.3 2.25 HC XX,thickness,2.25,ML_PREDICTION
o63472,6.25 IN DIA 60.1/73.1 .75 HC 2PC STUD,thickness,0.75,ML_PREDICTION
o63473,6.25 IN DIA 60.1/73.1 .75 HC 2PC STUD,thickness,0.75,ML_PREDICTION
o63474,6.25 IN DIA 78.1 -66.9  2.50 HC XX,thickness,2.5038845144356956,ML_PREDICTION
o63475,6.25 IN DIA 3.05/3.45IN 2.25 HC,thickness,2.23375,ML_PREDICTION
o65001,,thickness,0.9709875328083979,ML_PREDICTION
o65003,,thickness,0.9709875328083979,ML_PREDICTION
o65004,,thickness,0.9522506561679781,ML_PREDICTION
o65007,,thickness,0.9542191601049858,ML_PREDICTION
o65008,,thickness,0.9709875328083979,ML_PREDICTION
o65009,,thickness,0.9496227034120726,ML_PREDICTION
o65010,,thickness,0.9542191601049858,ML_PREDICTION
o65014,,thickness,0.9709875328083979,ML_PREDICTION
o65015,,thickness,0.9496227034120726,ML_PREDICTION
o65016,,thickness,0.9539140419947496,ML_PREDICTION
o65018,,thickness,0.952772309711285,ML_PREDICTION
o65019,,thickness,0.9542191601049858,ML_PREDICTION
o65020,,thickness,0.9709875328083979,ML_PREDICTION
o65024,,thickness,0.9522506561679781,ML_PREDICTION
o65030,"6.5  73.1-80.5 HC  2.0"" 2PC",thickness,1.6580416666666662,ML_PREDICTION
o65031,6.5IN HC 73.1-80.5 OUTER 2PC,thickness,0.75,ML_PREDICTION
o65033,6.5 IN DIA 84.1-71.5  1.0 HC,thickness,1.005304054054054,ML_PREDICTION
o65038,6.5 IN DIA 84.1/84.1  1.0 HC,thickness,1.0001470588235295,ML_PREDICTION
o65057,6.5 IN DIA 84.1-71.5  1.5 HC,thickness,1.4987837837837836,ML_PREDICTION
o65070,6.5 IN DIA 71.5-73.1 1.50 HC,thickness,1.4986486486486483,ML_PREDICTION
o65093,6.5 IN DIA 71.5-73.1 1.50 HC,thickness,1.4986486486486483,ML_PREDICTION
o65100,6.5 IN DIA 71.6/71.6 1.25 HC,thickness,1.2630968468468466,ML_PREDICTION
o65109,6.5 IN DIA 84.1/84.1  1.5 HC,thickness,1.498405405405405,ML_PREDICTION
o65115,6.5 IN DIA 84.1/66.56  2.0 HC,thickness,2.0,ML_PREDICTION
o65122,6.5 IN DIA 66.6/84.1  1.5 HC,thickness,1.4986486486486483,ML_PREDICTION
o65139,6.5 IN DIA 84.1/66.56  .75 HC,thickness,0.7387719699100113,ML_PREDICTION
o65144,6.5 IN DIA 84.1/72.56  1.0 HC,thickness,1.005304054054054,ML_PREDICTION
o65170,6.5 IN DIA 84.1/84.1  1.25 HC,thickness,1.3114212374138843,ML_PREDICTION
o65262,6.5 IN DIA 84.1/67.1  1.0 HC,thickness,1.005304054054054,ML_PREDICTION
o65268,6.5 IN DIA 84.1/84.1  4.0 HC,thickness,4.0,ML_PREDICTION
o65269,6.5 IN DIA 84.1/84.1  2.0 HC,thickness,2.0,ML_PREDICTION
o65270,6.5 IN DIA 84.1/84.1 3.0 HC,thickness,2.9877027027027028,ML_PREDICTION
o65282,6.5 IN DIA 84.1/84.1 2.25 HC,thickness,2.25,ML_PREDICTION
o65285,6.5 IN DIA 3.09/3.08IN 2.0 HC,thickness,2.0,ML_PREDICTION
o01001,,thickness,0.9709875328083979,ML_PREDICTION
o70044,,thickness,0.9522506561679781,ML_PREDICTION
o70066,,thickness,0.9522506561679781,ML_PREDICTION
o70000,7.0 IN DIA 121.3 FITTING RING,thickness,0.5350582458442694,ML_PREDICTION
o70004,7.0 IN DIA 142 FITTING RING,thickness,0.7024816976003,ML_PREDICTION
o70007,7.0 IN DIA 154.2 FITTING RING,thickness,0.7024816976003001,ML_PREDICTION
o70008,,thickness,0.9542191601049858,ML_PREDICTION
o70009(1),,thickness,0.9709875328083979,ML_PREDICTION
o70011,,thickness,0.9542191601049858,ML_PREDICTION
o70013,,thickness,0.9522506561679781,ML_PREDICTION
o70076,7.0 IN DIA 124.9 FITTING RING,thickness,0.5157270966129235,ML_PREDICTION
o70016,,thickness,0.9709875328083979,ML_PREDICTION
o70017,,thickness,0.9496227034120726,ML_PREDICTION
o70019,,thickness,0.9542191601049858,ML_PREDICTION
o70020,,thickness,0.9522506561679781,ML_PREDICTION
o70025(1),7IN DIA 125/141.3IN CENTER HOLDER,thickness,1.0727757311586053,ML_PREDICTION
o70026,7IN DIA 5.25/6.25IN CENTER HOLDER,thickness,0.9752132545931745,ML_PREDICTION
o70027,7.0 IN DIA 141.3 FITTING RING,thickness,0.7024816976003,ML_PREDICTION
o70034(1),7IN DIA 124.3/154IN CENTER HOLDER,thickness,1.0632432508436447,ML_PREDICTION
o70040,7 IN LIFT PAD,thickness,0.9584317585301828,ML_PREDICTION
o70041,,thickness,0.9709875328083979,ML_PREDICTION
o70055,,thickness,0.9553018372703401,ML_PREDICTION
o70059,,thickness,0.9496227034120726,ML_PREDICTION
o70063,,thickness,0.9709875328083979,ML_PREDICTION
o70065(1),,thickness,0.9709875328083979,ML_PREDICTION
o70066(1),,thickness,0.9539140419947496,ML_PREDICTION
o70067,,thickness,0.9527723097112851,ML_PREDICTION
o70071,,thickness,0.9843635170603665,ML_PREDICTION
o70074,,thickness,0.9709875328083979,ML_PREDICTION
o70075,7.0 IN DIA 124 FITTING RING,thickness,0.5110945506811649,ML_PREDICTION
o70076(1),,thickness,0.9709875328083979,ML_PREDICTION
o70077,,thickness,0.9522506561679781,ML_PREDICTION
o70082,,thickness,0.9709875328083979,ML_PREDICTION
o70084,,thickness,0.9496227034120726,ML_PREDICTION
o70086,,thickness,0.9522506561679781,ML_PREDICTION
o70088,,thickness,0.9709875328083979,ML_PREDICTION
o70251,,thickness,0.9527723097112851,ML_PREDICTION
o70092(1),,thickness,0.970987532808398,ML_PREDICTION
o70093,,thickness,0.9522506561679781,ML_PREDICTION
o70097,,thickness,0.9709875328083979,ML_PREDICTION
o70099,,thickness,0.9553018372703401,ML_PREDICTION
o70100,,thickness,0.9843635170603665,ML_PREDICTION
o70101,,thickness,0.952772309711285,ML_PREDICTION
o70102,,thickness,0.9496227034120726,ML_PREDICTION
o70103,,thickness,0.9709875328083979,ML_PREDICTION
o70104,,thickness,0.9522506561679781,ML_PREDICTION
o70105,,thickness,0.9522506561679781,ML_PREDICTION
o70106,,thickness,0.9709875328083979,ML_PREDICTION
o70107,,thickness,0.9522506561679781,ML_PREDICTION
o70111,,thickness,0.9709875328083979,ML_PREDICTION
o70113,,thickness,0.9709875328083979,ML_PREDICTION
o70114,,thickness,0.9709875328083979,ML_PREDICTION
o70115,,thickness,0.9539140419947496,ML_PREDICTION
o70117,,thickness,0.9522506561679781,ML_PREDICTION
o70118,,thickness,0.9709875328083979,ML_PREDICTION
o70122,,thickness,0.9709875328083979,ML_PREDICTION
o70130,,thickness,0.9709875328083979,ML_PREDICTION
o70131,,thickness,0.9709875328083979,ML_PREDICTION
o70133,,thickness,0.9522506561679781,ML_PREDICTION
o70134,,thickness,0.9496227034120726,ML_PREDICTION
o70135,,thickness,0.9522506561679781,ML_PREDICTION
o70140,,thickness,0.9496227034120724,ML_PREDICTION
o70141,,thickness,0.9709875328083979,ML_PREDICTION
o70143,,thickness,0.9709875328083979,ML_PREDICTION
o70144,,thickness,0.9522506561679781,ML_PREDICTION
o70147,,thickness,0.9522506561679781,ML_PREDICTION
o70148,,thickness,0.9709875328083979,ML_PREDICTION
o70151,,thickness,0.9539140419947496,ML_PREDICTION
o70158,,thickness,0.9709875328083979,ML_PREDICTION
o70160,,thickness,0.9709875328083979,ML_PREDICTION
o70165,,thickness,0.9496227034120726,ML_PREDICTION
o70166,,thickness,0.9709875328083979,ML_PREDICTION
o70168,,thickness,0.9522506561679781,ML_PREDICTION
o70169,,thickness,0.9709875328083979,ML_PREDICTION
o70181,7 IN 106.1/3.5IN 1.5 HC,thickness,1.4981418918918918,ML_PREDICTION
o70291,7.0 IN DIA 93.1/87.1 MM 1.75HC,thickness,1.75,ML_PREDICTION
o70302,7.0 IN DIA 71.5MM ID 2PC  .55 HC,thickness,0.5499999999999992,ML_PREDICTION
o70312,7.0 IN DIA 66.9/87.1   1.0  HC,thickness,1.005304054054054,ML_PREDICTION
o70325,7.0 IN DIA 71.5MM ID 2PC STUD .55 HC,thickness,0.5499999999999992,ML_PREDICTION
o70376,7IN DIA 106/74.4MM ID 1.50- XX,thickness,1.5,ML_PREDICTION
o70377,7IN DIA 108/74.4MM ID 1.75- XX,thickness,1.75,ML_PREDICTION
o70390,7.0 IN DIA 80MM ID 1.0HK XX,thickness,1.0,ML_PREDICTION
o70434,7IN DIA 108/74MM  OD 1.25- XX,thickness,1.2503378378378378,ML_PREDICTION
o70439,7IN DIA 100.5/78.1MM OD 2.00- XX,thickness,2.0,ML_PREDICTION
o70470,7.0 IN DIA 70.3-77.7   1.5  HC,thickness,1.4986486486486483,ML_PREDICTION
o70502,7.0 IN DIA 77.8MM ID 1.50THK XX,thickness,1.5,ML_PREDICTION
o70520,7.0 IN 64-71.5 .75 LUG HC 2PC 2HAT,thickness,0.75,ML_PREDICTION
o70528,7.0 IN DIA 66.9-78.1   1.0  HC,thickness,1.005304054054054,ML_PREDICTION
o70529,7.0 IN DIA 66.9-87.1   1.0  HC,thickness,1.005304054054054,ML_PREDICTION
o70537,7 IN DIA 108 ID 4.50 THK,thickness,1.59,ML_PREDICTION
o70538,7.0 IN DIA 2.75 IN/3.5 IN .75 HC,thickness,1.8802339145106866,ML_PREDICTION
o70546,7IN DIA 101.6/74.4MM ID 1.25- XX,thickness,1.2527027027027027,ML_PREDICTION
o70570,7IN DIA 90MM 1.25- XX,thickness,1.25,ML_PREDICTION
o70608,7.0 IN DIA 87.1MM ID 4.25 THK XX,thickness,4.0,ML_PREDICTION
o70616,7IN DIA 100.5MM/87 OD 1.50- XX,thickness,1.5,ML_PREDICTION
o70617,7IN DIA 100.5MM/87 OD 1.50- XX,thickness,1.5,ML_PREDICTION
o70636,7IN DIA 108/74MM  OD 2.00- XX,thickness,2.0,ML_PREDICTION
o70647,7IN DIA 108/74MM  OD 1.5- XX,thickness,1.5,ML_PREDICTION
o70655,7IN DIA 86.7/106.42  MM ID 1.HC,thickness,1.0,ML_PREDICTION
o70740,7IN DIA 108/87.1MM  OD 2.00- XX,thickness,2.0,ML_PREDICTION
o70741,7IN DIA 108/95MM  OD 2.00- XX,thickness,2.0,ML_PREDICTION
o70758,7IN DIA 108/87.1MM OD 2.75- XX,thickness,2.740801837270341,ML_PREDICTION
o70793,7.0 IN DIA 71.5-77.8   1.5  HC,thickness,1.4986486486486483,ML_PREDICTION
o70804,7 IN DIA 110 ID 4.75 THK,thickness,1.335,ML_PREDICTION
o70815,7IN DIA 108/87.1MM OD 3.75- XX,thickness,3.7475,ML_PREDICTION
o70830,7IN DIA 110MM OD 3.75- XX,thickness,3.75,ML_PREDICTION
o70869,7IN DIA 108/74MM OD 2.5 XX,thickness,2.5,ML_PREDICTION
o70870,7IN DIA 100.5/74MM OD 2.5 XX,thickness,2.5,ML_PREDICTION
o70983,7IN DIA 108MM OD 3.75- XX,thickness,3.75,ML_PREDICTION
o70984,7IN DIA 109MM OD 2.25- XX,thickness,2.25,ML_PREDICTION
o70989,7IN$ DIA 100/74MM OD 1.50- XX,thickness,1.5,ML_PREDICTION
o71005,,thickness,0.9758005249343822,ML_PREDICTION
o71027,7.0 IN DIA 3.375IN/3.75IN 1.75HC,thickness,1.7481756756756754,ML_PREDICTION
o71028,7.0 IN DIA 87.1/87.1 MM 1.75HC,thickness,1.75,ML_PREDICTION
o71034,7IN DIA 106.1/74.4MM ID 1.50- XX,thickness,1.5,ML_PREDICTION
o71058,7IN DIA 108/74MM OD 2.25- XX,thickness,2.25,ML_PREDICTION
o71080,7 IN DIA 110 ID 4.25 THK,thickness,4.0,ML_PREDICTION
o71081,7IN DIA 108MM OD 4.00 XX,thickness,4.0,ML_PREDICTION
o71088,7 IN DIA 108 ID 4.25 THK,thickness,4.0,ML_PREDICTION
o71115,7 IN DIA 106 ID 4.25 THK,thickness,4.0,ML_PREDICTION
o71132,7IN DIA 108MM 1.75- XX,thickness,1.75,ML_PREDICTION
o71140,7 IN DIA 106 ID 4.50 THK,thickness,1.59,ML_PREDICTION
o71159,7IN DIA 106MM 1.75- XX,thickness,1.75,ML_PREDICTION
o71160,7IN DIA 108.1MM OD 4.00 XX,thickness,4.0,ML_PREDICTION
o71214,,thickness,0.953038057742781,ML_PREDICTION
o71229,7IN DIA 108/74MM  OD 1.25- XX,thickness,1.2503378378378378,ML_PREDICTION
o71260,7IN DIA 106.1/72.56MM ID 1.50- XX,thickness,1.5,ML_PREDICTION
o71272,7IN DIA 4.25 IN/5.13 IN 1.00 HC 2PC STUD,thickness,0.9549126984126985,ML_PREDICTION
o71297,7IN  74.4-88  .75 HC --2PC,thickness,0.75,ML_PREDICTION
o71345,7IN DIA 87.1MM/87.1 OD 4.00- XX,thickness,4.0,ML_PREDICTION
o75002,,thickness,0.9843635170603665,ML_PREDICTION
o75004,,thickness,0.952772309711285,ML_PREDICTION
o75006,,thickness,0.9709875328083979,ML_PREDICTION
o75007,,thickness,0.9709875328083979,ML_PREDICTION
o75015,,thickness,0.9709875328083979,ML_PREDICTION
o75018,,thickness,0.9522506561679781,ML_PREDICTION
o75020,,thickness,0.9542191601049858,ML_PREDICTION
o75022,,thickness,0.9709875328083979,ML_PREDICTION
o75024,,thickness,0.9843635170603665,ML_PREDICTION
o75032,7.5 IN 131-107 1.00   XX,thickness,1.1051026894541598,ML_PREDICTION
o75036,,thickness,0.9843635170603665,ML_PREDICTION
o75037,,thickness,0.9709875328083979,ML_PREDICTION
o75039,,thickness,0.9709875328083979,ML_PREDICTION
o75041,,thickness,0.9496227034120726,ML_PREDICTION
o75042,,thickness,0.9496227034120726,ML_PREDICTION
o75043,,thickness,0.9542191601049858,ML_PREDICTION
o75045,,thickness,0.9709875328083979,ML_PREDICTION
o75047,7.5 IN DIA 78.3 MM ID 1.  XX,thickness,1.0,ML_PREDICTION
o75049,7.5 IN 131-87.1  1.5   XX,thickness,1.6189114114114118,ML_PREDICTION
o75051,7.5IN 74.4 -118  0.75  --2PC,thickness,1.0051099206349206,ML_PREDICTION
o75052,7.5IN  108  STUD 0.75  --2PC,thickness,0.8366039682539684,ML_PREDICTION
o75056,7.5IN  108-106HC   STUD 0.75 --2PC,thickness,0.9066218253968255,ML_PREDICTION
o75057,7.5IN  74.4  STUD 0.75  --2PC,thickness,0.8366039682539684,ML_PREDICTION
o75058,7.5IN DIA 7.5 TO 5.75,thickness,0.9928782808398938,ML_PREDICTION
o75067,7.5 IN DIA 60MM ID 1.  XX,thickness,1.0,ML_PREDICTION
o75071,7.5  110-110.3 ID .75HC,thickness,0.7823055282152231,ML_PREDICTION
o75095,7.5 IN DIA 110MM ID 1-1/8,thickness,1.5784039963754528,ML_PREDICTION
o75143,7.5IN DIA 71.5 /116.7  1.50 --HCXX,thickness,1.497984234234234,ML_PREDICTION
o75147,7.5 IN DIA 3.7 IN ID 2.00THK 2PC,thickness,1.5721428571428573,ML_PREDICTION
o75150,7.5IN  108-131  0.75  --2PC,thickness,0.932163492063492,ML_PREDICTION
o75154,7.5IN  108  STUD 0.75  --2PC,thickness,0.8366039682539684,ML_PREDICTION
o75158,7.5IN  74.4-131  0.75  --2PC,thickness,0.9870801587301586,ML_PREDICTION
o75166,7.5IN  74/131MM STUD 0.75  --2PC,thickness,0.9936982142857143,ML_PREDICTION
o75168,7.5IN  100.5  1.75  --2PC,thickness,1.4696547619047617,ML_PREDICTION
o75169,7.5IN  84.1-95  0.75--2PC  HC,thickness,0.9789432539682543,ML_PREDICTION
o75180,7.5IN  110  STUD 0.75  --2PC,thickness,0.8366039682539684,ML_PREDICTION
o75209,7.5IN DIA 3.15IN(80MM,thickness,3.25,ML_PREDICTION
o75227,7.5IN  78.3-110HC   STUD 0.75 --2PC,thickness,0.9795682539682542,ML_PREDICTION
o75319,7.5IN  87/131MM STUD 0.75  --2PC,thickness,0.9936982142857143,ML_PREDICTION
o75343,7.5 IN DIA 3.5/3.5IN 2.00 HC,thickness,2.0,ML_PREDICTION
o75368,7.5IN  106MM STUD 0.75  --2PC,thickness,0.8366039682539684,ML_PREDICTION
o75380,xxxxx,thickness,0.9496227034120726,ML_PREDICTION
o75430,7.5IN$ 74MM STUD 0.75  --2PC,thickness,0.8366039682539684,ML_PREDICTION
o75454,7.5IN  74/120.5MM STUD 0.75  --2PC,thickness,1.013352976190476,ML_PREDICTION
o75455,7.5IN  107/131MM STUD 0.75  --2PC,thickness,0.9387815476190475,ML_PREDICTION
o75460,7.5IN  110/131MM STUD 0.75  --2PC,thickness,0.9387815476190475,ML_PREDICTION
o75481,7.5IN  107MM STUD 0.75  --2PC,thickness,0.8366039682539684,ML_PREDICTION
o75482,7.5 IN 131-107 .75   XX,thickness,0.7836218480502437,ML_PREDICTION
o75486,7.5 IN STEP  CUSTOM,thickness,0.9877208005249334,ML_PREDICTION
o75491,7.5IN 116MM STUD 0.75--2PC,thickness,0.8558920634920636,ML_PREDICTION
o75604,7.5 IN DIA 4.65IN(118MM,thickness,1.175,ML_PREDICTION
o75650,7.5IN  108/131MM STUD 0.75  --2PC,thickness,0.9387815476190475,ML_PREDICTION
o75779,7.5IN  106.1  STUD 0.75  --2PC,thickness,0.8366039682539684,ML_PREDICTION
o75786,7.5IN  108.1STUD 0.75  --2PC,thickness,0.8366039682539683,ML_PREDICTION
o80003,,thickness,0.9843635170603665,ML_PREDICTION
o80005,,thickness,0.9843635170603665,ML_PREDICTION
o80010,8IN DIA 116.8 /116.7  2.00 --HCXX,thickness,1.9919718309859156,ML_PREDICTION
o80017,,thickness,0.9843635170603665,ML_PREDICTION
o80048,8IN DIA 74.4-116.7  1.00 HC,thickness,1.0001470588235295,ML_PREDICTION
o80054,,thickness,0.9843635170603665,ML_PREDICTION
o80055,,thickness,0.9843635170603665,ML_PREDICTION
o80056,,thickness,0.9843635170603665,ML_PREDICTION
o80077,,thickness,0.9843635170603665,ML_PREDICTION
o80082,,thickness,0.9843635170603665,ML_PREDICTION
o80083,,thickness,0.9843635170603665,ML_PREDICTION
o80084,,thickness,0.9758005249343822,ML_PREDICTION
o80086,,thickness,0.9522506561679781,ML_PREDICTION
o80087,,thickness,0.9709875328083979,ML_PREDICTION
o80090,,thickness,0.9843635170603665,ML_PREDICTION
o80092,,thickness,0.9843635170603665,ML_PREDICTION
o80095,,thickness,0.9522506561679781,ML_PREDICTION
o80096,,thickness,0.9843635170603665,ML_PREDICTION
o80109,,thickness,0.9709875328083979,ML_PREDICTION
o80113,,thickness,0.9709875328083979,ML_PREDICTION
o80121,,thickness,0.9843635170603665,ML_PREDICTION
o80134,,thickness,0.9843635170603665,ML_PREDICTION
o80135,,thickness,0.9843635170603665,ML_PREDICTION
o80138,8IN DIA 121.3 /121.3  3.75 --HCXX,thickness,3.363646985730319,ML_PREDICTION
o80140,,thickness,0.9843635170603665,ML_PREDICTION
o80143,,thickness,0.9843635170603665,ML_PREDICTION
o80149,8IN DIA 78.1MM .75  --2PC HC,thickness,0.75,ML_PREDICTION
o80150,8IN DIA 71.5 / 121.3 1.25 -HC,thickness,1.283271396396396,ML_PREDICTION
o80153,8IN DIA 116.7/124.1   0.75 -HC,thickness,0.5467423486126733,ML_PREDICTION
o80177,13.0 220CB .75 SPACER,thickness,0.8252872375328084,ML_PREDICTION
o80181,8IN DIA 87.1-125.4  .75 HC --2PC,thickness,0.75,ML_PREDICTION
o80182,8IN DIA 87.1-124.1   .75 HC --2PC,thickness,0.75,ML_PREDICTION
o80183,8IN DIA 124.9-131.7L 1.5 -HC,thickness,1.4995945945945945,ML_PREDICTION
o80191,8IN DIA 116.8 /116.7  4.0 --HCXX,thickness,3.475621522767357,ML_PREDICTION
o80194,8IN DIA 8 TO 6.25,thickness,0.9936656824146971,ML_PREDICTION
o80218,8IN DIA 4.5-121.2 ID-OD 2.0 --HCXX,thickness,2.0053051643192488,ML_PREDICTION
o80225,8IN DIA 121.2 ID-OD 2.0 --HCXX,thickness,2.0133333333333336,ML_PREDICTION
o80226,8IN DIA 125 MM STEEL HCS-2 GOOD,thickness,2.0,ML_PREDICTION
o80233,8IN DIA 121.3 ID-OD 3.0 --HCXX,thickness,3.0,ML_PREDICTION
o80237,8IN DIA 116.8 /116.7  3.0 --HCXX,thickness,2.9877027027027028,ML_PREDICTION
o80238,8IN DIA 116.8 /116.7  3.0 --HCXX,thickness,2.9877027027027028,ML_PREDICTION
o80240,8IN DIA 125-132  1.0 -HC,thickness,1.1141461810516928,ML_PREDICTION
o80247,8IN 116 MM 2.0 STEEL HCS-1 KT,thickness,1.0,ML_PREDICTION
o80251,8IN 140.1 CB OB .70  HC-JK,thickness,0.48758829365079387,ML_PREDICTION
o80258,8IN 116.7 MM 2.0 STEEL HCS-1 KT,thickness,1.00625,ML_PREDICTION
o80263,8IN DIA 74.4 MM ID 2.  XX,thickness,2.0,ML_PREDICTION
o80301,8IN DIA 121.3 ID-OD 1.25 --HCXX,thickness,1.2654930823680823,ML_PREDICTION
o80341,8IN DIA 4.695-ID -5.125 -2.0 --HC,thickness,2.0036384976525823,ML_PREDICTION
o80353,8IN DIA 125/124.9MM ID 1.25-HCXX,thickness,1.2345285714285714,ML_PREDICTION
o80390,8IN DIA 71.5MM ID 1.  XX,thickness,1.0,ML_PREDICTION
o80414,8IN DIA 116.7 .8 HC 2PC STUD,thickness,1.4392876984126983,ML_PREDICTION
o80416,8IN DIA 116.7/5.15IN 1.5 -HC,thickness,1.4998310810810813,ML_PREDICTION
o80423,8IN DIA 114.3-108 1.00  --2PC,thickness,0.9685714285714286,ML_PREDICTION
o80427,8IN DIA 125/124.9MM ID 1.00--HCXX,thickness,1.1426118297712786,ML_PREDICTION
o80432,8IN DIA 124.9/124.9MM ID 1.25HC,thickness,1.2345285714285714,ML_PREDICTION
o80448,8IN DIA 125/116.7MM ID 1.00--HCXX,thickness,1.0007095238095238,ML_PREDICTION
o80450,8IN DIA 116.7 /116.7  2.00 --HCXX,thickness,1.9919718309859156,ML_PREDICTION
o80454,8IN DIA 3.5/4.75IN ID-OD .75HCXX,thickness,1.5704000000000002,ML_PREDICTION
o80472,8IN DIA 64MM ID 1.  XX,thickness,1.0,ML_PREDICTION
o80473,8IN DIA 125-131 1.0-HCXX,thickness,1.1141461810516928,ML_PREDICTION
o80475,8IN DIA 70.3/116.0   4.00  HC,thickness,4.0,ML_PREDICTION
o80482,8IN DIA 116.7/124.9 2.00 --HCXX,thickness,2.0116666666666667,ML_PREDICTION
o80488,8IN DIA 71.5MM ID 2.  XX,thickness,2.0,ML_PREDICTION
o80489,8IN DIA 67MM ID 1.  XX,thickness,1.0,ML_PREDICTION
o80496,8IN DIA 116.7 /124.1 4.00 --HCXX,thickness,3.5043344857303196,ML_PREDICTION
o80498,8IN DIA 78.1/116.7  2.00 HC,thickness,2.0,ML_PREDICTION
o80519,8IN DIA 125/71.5MM ID 4.25--HCXX,thickness,4.0,ML_PREDICTION
o80520,8IN DIA 125/71.5MM ID 5.75--HCXX,thickness,0.5040851143607052,ML_PREDICTION
o80528,8IN$ DIA 72MM ID 2.  XX,thickness,2.0,ML_PREDICTION
o80555,8IN DIA 77.8MM/4.875IN .75 HC 2PC STUD,thickness,2.335070436507937,ML_PREDICTION
o80592,8IN DIA 77.8/121.3  2.00 HC,thickness,2.0,ML_PREDICTION
o80605,8IN$ DIA 71.5 /121.3 1.00 --HCXX,thickness,1.0201992013021424,ML_PREDICTION
o80615,8IN$ DIA 74MM ID 2.  XX,thickness,2.0,ML_PREDICTION
o80649,8IN DIA 70.3MM/4.5IN .75 HC 2PC STUD,thickness,2.2971537698412696,ML_PREDICTION
o80659,8IN DIA 108MM .75 -2PC OS,thickness,0.75,ML_PREDICTION
o80676,8IN DIA 100.3MM .75 -2PC OS,thickness,0.75,ML_PREDICTION
o80677,8IN DIA 116.7/124.9MM ID 1.25-HCXX,thickness,1.2345285714285714,ML_PREDICTION
o80738,8IN DIA 72.6 MM ID 2.  XX,thickness,2.0,ML_PREDICTION
o80750,8IN DIA 116.8 /116.7  4.0 --HCXX,thickness,3.475621522767357,ML_PREDICTION
o80762,8IN DIA 108MM ID1.25  --2PC,thickness,1.25,ML_PREDICTION
o80796,8IN DIA 116.7 /124.9 1.00 --HCXX,thickness,1.0220017298811417,ML_PREDICTION
o80797,8IN DIA 116.7 /124.9 2.00 --HCXX,thickness,2.0036384976525823,ML_PREDICTION
o80803,8IN DIA 116.7/124.9 1.00 --HCXX,thickness,1.020040945567416,ML_PREDICTION
o80807,8IN DIA 71.5/130 2.00 --HCXX,thickness,2.091666666666667,ML_PREDICTION
o80818,8IN DIA 71.5/130 1.00 --HCXX,thickness,1.0569681467181467,ML_PREDICTION
o80828,8IN DIA 116.7/5.125IN 3.0 --HCXX,thickness,3.0,ML_PREDICTION
o80832,8IN DIA 121.3/124.9MM ID 1.00--HCXX,thickness,1.036292988376453,ML_PREDICTION
o80847,8IN DIA 124/124MM ID 1.25-HCXX,thickness,1.2345285714285714,ML_PREDICTION
o80851,8IN DIA 116.7/4.69IN  2.00 HC,thickness,2.0,ML_PREDICTION
o80857,8IN DIA 116.7/124.9IN 3.0 --HCXX,thickness,2.9877027027027028,ML_PREDICTION
o80869,8IN DIA 116.7 /124.9 1.00 --HCXX,thickness,1.0220017298811417,ML_PREDICTION
o80870,8IN DIA 121.3 ID-OD 3.5 --HCXX,thickness,2.891400000000001,ML_PREDICTION
o80905,8IN DIA 71.5MM/124.9IN .75 HC,thickness,0.7195658852302551,ML_PREDICTION
o80920,8IN DIA 71.5 /125.2 1.00 --HCXX,thickness,1.038738416988417,ML_PREDICTION
o80921,8IN DIA 128MM ID 5.0 THK,thickness,0.5,ML_PREDICTION
o80924,8IN DIA 87.1-124.9  1.00 HC.05-2PC,thickness,1.0122083333333336,ML_PREDICTION
o80925,8IN  125/124.9   4.00  -1.0 HC,thickness,1.345054650188973,ML_PREDICTION
o80926,8IN 121.3-121.3 2.0 -1.0HC,thickness,1.464196491063617,ML_PREDICTION
o80929,8IN DIA 2.78-3.65  .80THK ---HC,thickness,1.3909110236220457,ML_PREDICTION
o85002,,thickness,0.9843635170603665,ML_PREDICTION
o85015,,thickness,0.9843635170603665,ML_PREDICTION
o85050,8.5IN DIA 87MM ID  --2PC,thickness,1.6028184523809523,ML_PREDICTION
o85051,8.5IN DIA 87.1MM LUG --2PC,thickness,1.5262529761904762,ML_PREDICTION
o85053,,thickness,0.9843635170603665,ML_PREDICTION
o85056,8.5IN DIA 116.7/124.9  3.0  HC,thickness,2.9877027027027028,ML_PREDICTION
o85057,,thickness,0.9843635170603665,ML_PREDICTION
o85058,8.5IN DIA 121.3/125.2  1.5  HC,thickness,1.5,ML_PREDICTION
o85060,,thickness,0.9709875328083979,ML_PREDICTION
o85062,,thickness,0.9843635170603665,ML_PREDICTION
o85063,,thickness,0.9843635170603665,ML_PREDICTION
o85066,,thickness,0.9881135170603664,ML_PREDICTION
o85067,13.0 13 TO 8.5;,thickness,1.0281848206474191,ML_PREDICTION
o85068,13.0 220CB .5 SPACER,thickness,0.7665565476190479,ML_PREDICTION
o85070,13$ 220CB .75 SPACER,thickness,0.8252872375328084,ML_PREDICTION
o13026,13.0 221CB .75 SPACER,thickness,0.8252872375328084,ML_PREDICTION
o85072,13.0 221CB 4.00 PRESSPLATE,thickness,3.915195987654321,ML_PREDICTION
o85073,13.0$ 221CB 1.0 SPACER,thickness,1.0981363144640703,ML_PREDICTION
o85074,13.0$ 221CB .5 SPACER,thickness,0.7665565476190477,ML_PREDICTION
o85075,13.0 220CB 15MM SPACER,thickness,0.6111970378702666,ML_PREDICTION
o85076,13.0 220CB 17MM SPACER,thickness,0.6210198725159355,ML_PREDICTION
o85077,13.0 220CB 22MM SPACER,thickness,0.6219956880389952,ML_PREDICTION
o85079,13.0$ 220CB 1.0 SPACER,thickness,1.0923029811307372,ML_PREDICTION
o85080,13.0 220CB 1.5 SPACER,thickness,1.5783033033033038,ML_PREDICTION
o85081,13.0$ 220CB 1.25 SPACER,thickness,1.1602240011750886,ML_PREDICTION
o85082,13.0 225CB 1.0 SPACER,thickness,1.0981363144640703,ML_PREDICTION
o85083,13.0 221CB 1.25 SPACER,thickness,1.1602240011750886,ML_PREDICTION
o85084,13.0 220CB PRESS PLATE,thickness,0.8252872375328084,ML_PREDICTION
o85085,8.5IN  78.1- 124 MM  2.00 --HC,thickness,2.111666666666667,ML_PREDICTION
o85086,8.5IN DIA 121.3-124.1  1.5  HC,thickness,1.5,ML_PREDICTION
o85088,8.5IN DIA 71.5 /116.7  4.0 --HCXX,thickness,4.0,ML_PREDICTION
o85091,8.5IN  69.85- 124 MM  1.25--HC,thickness,1.2653941441441439,ML_PREDICTION
o85092,8.5IN  124.1-121.3  3.75 -HC-SPECIAL,thickness,3.420498837582171,ML_PREDICTION
o85093,8.5IN  124.1-128.1  3.25 -HC-SPECIAL,thickness,2.711345707070707,ML_PREDICTION
o85094,8.5 OD PART HOLDER,thickness,0.9842168635170593,ML_PREDICTION
o85097,8.5IN DIA 121.2 ID-OD 3.5 --HCXX,thickness,2.891400000000001,ML_PREDICTION
o85114,8.5IN  121.-124.1  1.5 HCR,thickness,1.499864864864865,ML_PREDICTION
o85118,8.5IN DIA 74.4MM ID 1. XX,thickness,1.0,ML_PREDICTION
o85128,8.5IN DIA 5.335-5.315  2.0  HC,thickness,2.0,ML_PREDICTION
o85138,8.5IN DIA 114.0 MM  2.25 STEP,thickness,2.25,ML_PREDICTION
o85142,8.5IN$ DIA 116.7-124.1 2.0 HC,thickness,2.0,ML_PREDICTION
o85149,8.5IN 124.1  ID 1.5--HC,thickness,1.497972972972973,ML_PREDICTION
o85151,8.5IN 125/124.1  ID 1.5--HC,thickness,1.4994594594594595,ML_PREDICTION
o85161,8.5IN DIA 116.7 /124.1 4.00 --HCXX,thickness,3.5043344857303196,ML_PREDICTION
o85162,8.5IN DIA 78.1MM ID 1. XX,thickness,1.0,ML_PREDICTION
o85163,8.5IN 124.1/124.9MM ID 2.0--HC,thickness,2.0316666666666667,ML_PREDICTION
o85164,8.5IN DIA 126.15 MM ID 1.00XX,thickness,1.0,ML_PREDICTION
o85203,8.5IN DIA 116.7/124.9  1.25  HC,thickness,1.2907133526383523,ML_PREDICTION
o85205,8.5IN DIA 116.7/124.9  2.0  HC,thickness,2.0,ML_PREDICTION
o85282,8.5IN$ DIA 71.5MM ID 1. XX,thickness,1.0,ML_PREDICTION
o85324,8.5IN DIA 116.7/124.1  1.0 HC,thickness,1.0100409455674162,ML_PREDICTION
o85328,8.5IN DIA 116.7/124.1  1.0 HC,thickness,1.0100409455674162,ML_PREDICTION
o85359,8.5IN$ DIA 121.3-124.1 2.0 HC,thickness,2.0,ML_PREDICTION
o85361,8.5IN$ DIA 116.7-124.1 4.0 HC,thickness,3.5043344857303196,ML_PREDICTION
o85362,8.5IN 124.1/124.1MM ID 1.75--HC,thickness,1.7435,ML_PREDICTION
o85363,8.5IN DIA 78.1/124.1  1.0 HC,thickness,1.0030814217578925,ML_PREDICTION
o85365,8.5IN$ DIA 116.7-124.1  1.25 HC,thickness,1.2907133526383523,ML_PREDICTION
o85366,8.5IN$ DIA 116.7/124.1  2.5 HC,thickness,2.5,ML_PREDICTION
o85370,8.5IN DIA 121.3/124.1  .75 HC,thickness,0.7078978916697912,ML_PREDICTION
o85372,8.5IN DIA 121.3/124.1 1.0 HC,thickness,1.012391622003132,ML_PREDICTION
o85376,8.5IN DIA 87.1/124.1  1.0 HC,thickness,1.0074242789007493,ML_PREDICTION
o85377,8.5IN$ DIA 116.7-124.1 3.0 HC,thickness,2.9877027027027028,ML_PREDICTION
o85378,8.5IN DIA 87.1/124.1  1.5 HC,thickness,1.5203190690690689,ML_PREDICTION
o85379,8.5IN 124.1/116.7MM ID 1.25-HC,thickness,1.2345285714285714,ML_PREDICTION
o85383,8.5IN 121.3 ID 1.5--HC,thickness,1.497972972972973,ML_PREDICTION
o85386,8.5IN$ DIA 116.7-124.1 1.25 HC,thickness,1.2910511904761903,ML_PREDICTION
o85390,8.5IN DIA 110/124.1  1.0 HC,thickness,1.003790945567416,ML_PREDICTION
o85394,8.5IN 125/124.1MM ID 1.0--HC,thickness,1.1023067116610423,ML_PREDICTION
o85398,8.5IN DIA 108.1/124.1  1.0 HC,thickness,1.003790945567416,ML_PREDICTION
o85400,8.5IN DIA 106.1/124.1  1.0 HC,thickness,1.003790945567416,ML_PREDICTION
o85403,8.5IN$ DIA 116.7-124.1 1.75 HC,thickness,1.7435,ML_PREDICTION
o85407,8.5IN$ DIA 116.7-124.1 2.5 HC,thickness,2.5,ML_PREDICTION
o85408,8.5IN DIA 125.1/125  4.75-HC,thickness,1.3426581790123457,ML_PREDICTION
o85424,8.5IN DIA 74MM ID 1. XX,thickness,1.0,ML_PREDICTION
o85427,8.5IN DIA 67MM ID 1. XX,thickness,1.0,ML_PREDICTION
o85436,8.5IN 124.1/116.7MM ID 1.5-HC,thickness,1.5,ML_PREDICTION
o85445,8.5IN DIA 78.3MM ID 1. XX,thickness,1.0,ML_PREDICTION
o85448,8.5IN DIA 106.1/124.1  1.0 HC,thickness,1.003790945567416,ML_PREDICTION
o90006,9.5IN  117-141.9 1.0-HC SPECIAL,thickness,1.0077027027027028,ML_PREDICTION
o90013,,thickness,0.9881135170603664,ML_PREDICTION
o90014,,thickness,0.9881135170603664,ML_PREDICTION
o90015,,thickness,0.9881135170603664,ML_PREDICTION
o90018,,thickness,0.9881135170603664,ML_PREDICTION
o90020,,thickness,0.9881135170603664,ML_PREDICTION
o90021,,thickness,0.9881135170603664,ML_PREDICTION
o90022,,thickness,0.9881135170603664,ML_PREDICTION
o90023,,thickness,0.9881135170603664,ML_PREDICTION
o90024,,thickness,0.9881135170603664,ML_PREDICTION
o90028,,thickness,0.9881135170603664,ML_PREDICTION
o90031,,thickness,0.9747375328083979,ML_PREDICTION
o90032,,thickness,0.9747375328083979,ML_PREDICTION
o90034,,thickness,0.9881135170603667,ML_PREDICTION
o90035,,thickness,0.9881135170603664,ML_PREDICTION
o90036,,thickness,1.0035082020997366,ML_PREDICTION
o90039,REMAKE,thickness,1.0035082020997366,ML_PREDICTION
o90040,9.5IN  162-161MM   2.0-HC RTS,thickness,1.638902526268724,ML_PREDICTION
o90041,9.5IN  162-161MM  1.5-HC RTS,thickness,1.5027027027027027,ML_PREDICTION
o90042,9.5IN 162-161MM 3.0-HC RTS,thickness,1.3758155566280568,ML_PREDICTION
o90048,9.5IN  117-141.9 MM  1.0 -HC,thickness,1.00725,ML_PREDICTION
o90049,9.5IN  70.5 -141.9 MM  2.5 -HC,thickness,2.451,ML_PREDICTION
o90060,9.5IN  162/161.5 MM ID 2.0-HC RTS,thickness,1.638902526268724,ML_PREDICTION
o90061,9.5IN 162-161MM ID 2.0-HC RTS,thickness,1.638902526268724,ML_PREDICTION
o90062,9.5IN  162MM  1.5-HC RTS,thickness,1.5141141141141141,ML_PREDICTION
o90063,9.5IN 162-161MM 1.5-HC RTS,thickness,1.5027027027027027,ML_PREDICTION
o90064,9.5IN 162-161MM 1.5-HC RTS,thickness,1.5027027027027027,ML_PREDICTION
o90095,9.5IN  160MM  1.25- RTS,thickness,1.2517646326450675,ML_PREDICTION
o90106,9.5IN  162/161.5 MM ID 3.0-HC RTS,thickness,1.274982223294723,ML_PREDICTION
o90139,9.5IN  121.3/142MM ID 1.50-HC 1.,thickness,1.494815387733223,ML_PREDICTION
o90142,9.5IN  162/161MM ID 2.0-HC RTS,thickness,1.638902526268724,ML_PREDICTION
o90143,9.5IN  121.3/141MM ID 1.50-HC 1.,thickness,1.470385131326013,ML_PREDICTION
o90179,9.5IN  162/161.2 MM ID 2.0-HC RTS,thickness,1.638902526268724,ML_PREDICTION
o90180,9.5IN$ 162/161.1 MM ID 3.0-HC RTS,thickness,1.274982223294723,ML_PREDICTION
o90319,xxxxx,thickness,1.0035082020997366,ML_PREDICTION
o90347,9.5IN DIA 154./154.2 10MM ---HC,thickness,1.309804872736496,ML_PREDICTION
o90451,9.5IN DIA 141.3 2.0 ---HCXX,thickness,2.0,ML_PREDICTION
o90491,9.5IN DIA 141.3 10MM ---HCXX,thickness,0.5453854986876647,ML_PREDICTION
o90500,9.5IN DIA 141.3 3.0 ---HCXX,thickness,2.0034352477477477,ML_PREDICTION
o59159,6.00 DIA 2.8/3.07IN 1.5 HC,thickness,1.4787837837837836,ML_PREDICTION
o58482,5.875 IN DIA  ID,thickness,0.9264632545931748,ML_PREDICTION
o85006,3.0  PART HOLDER,thickness,1.6945208333333335,ML_PREDICTION
o85045,13.0 8.7IN 1.75 HC 2PC LUG,thickness,1.3814166666666665,ML_PREDICTION
o00000,,thickness,1.0035082020997363,ML_PREDICTION
o00005,STEEL LUG NUT,thickness,1.0035082020997366,ML_PREDICTION
o00006,SPIKE NUT 2.125 DIA 4 LONG,thickness,2.00917885946075,ML_PREDICTION
o00007,SPIKE NUT 2.125 DIA 4.5 LONG,thickness,1.3165061679790027,ML_PREDICTION
o10001,5.75 JAWS,thickness,0.9276443569553795,ML_PREDICTION
o13125,13.0 220CB .25 SPACER,thickness,0.6147289557555307,ML_PREDICTION
o99001,CUT LATHE SOFT JAWS,thickness,1.0035082020997366,ML_PREDICTION
o57040,,thickness,0.9522506561679781,ML_PREDICTION
o57086,,thickness,0.9496227034120726,ML_PREDICTION
o57239,,thickness,0.9522506561679781,ML_PREDICTION
o59112,,thickness,0.9572703412073481,ML_PREDICTION
o70068(1),,thickness,0.9522506561679781,ML_PREDICTION
o70120,,thickness,0.9709875328083979,ML_PREDICTION
o70155,,thickness,0.9709875328083979,ML_PREDICTION
o75003,,thickness,0.9709875328083979,ML_PREDICTION
o75005,,thickness,0.9709875328083979,ML_PREDICTION
o75038,,thickness,0.9709875328083979,ML_PREDICTION
o75044,,thickness,0.9522506561679781,ML_PREDICTION
o80145,,thickness,0.9843635170603665,ML_PREDICTION
o57092,,center_bore,52.55209482344877,ML_PREDICTION
o57805,,center_bore,72.76398204047621,ML_PREDICTION
o75058,7.5IN DIA 7.5 TO 5.75,center_bore,83.21245367857142,ML_PREDICTION
o75486,7.5 IN STEP  CUSTOM,center_bore,81.3239128785714,ML_PREDICTION
o80057,8IN    121.3  MM  STEEL HCS-2,center_bore,118.99323079871782,ML_PREDICTION
o80194,8IN DIA 8 TO 6.25,center_bore,120.25175248528693,ML_PREDICTION
o80336,8IN    4.56   STEEL HCS-2,center_bore,120.42613044523804,ML_PREDICTION
o85067,13.0 13 TO 8.5;,center_bore,163.68113932063486,ML_PREDICTION
o85094,8.5 OD PART HOLDER,center_bore,145.36427273730158,ML_PREDICTION
o85095,8.5 IN  1.50 THK PART HOLDER,center_bore,135.10438344761897,ML_PREDICTION
o90036,,center_bore,156.61976323214273,ML_PREDICTION
o90039,REMAKE,center_bore,156.61976323214273,ML_PREDICTION
o90168,9.5   142MM  STEEL HCS-2,center_bore,126.199080262987,ML_PREDICTION
o90319,xxxxx,center_bore,156.61976323214273,ML_PREDICTION
o90332,9.5IN DIA 142 ID .5 ---HCXX,center_bore,126.21805096298698,ML_PREDICTION
o90337,9.5IN DIA 141.3 ID .5 ---HCXX,center_bore,125.93645837222219,ML_PREDICTION
o90338,9.5IN DIA 141.3 ID .75 ---HCXX,center_bore,125.92435637222214,ML_PREDICTION
o90346,9.5IN DIA 154.2 ID .5 ---HCXX,center_bore,155.27243448095248,ML_PREDICTION
o90347,9.5IN DIA 154./154.2 10MM ---HC,center_bore,154.30277326666678,ML_PREDICTION
o90348,9.5IN DIA 142 ID 10MM ---HCXX,center_bore,126.18945806962479,ML_PREDICTION
o90491,9.5IN DIA 141.3 10MM ---HCXX,center_bore,125.90633241507929,ML_PREDICTION
o57076,4.75 DIA 1.58IN 1.375 THK F-150 DRIVELINE SPACER,center_bore,64.81040054285717,ML_PREDICTION
o85006,3.0  PART HOLDER,center_bore,117.04159055833327,ML_PREDICTION
o00000,,center_bore,52.55209482344877,ML_PREDICTION
o00005,STEEL LUG NUT,center_bore,52.55209482344877,ML_PREDICTION
o99001,CUT LATHE SOFT JAWS,center_bore,52.55209482344877,ML_PREDICTION
